{"cameraMode":{"drawMode":0,"name":"Shaded","section":"Shading Mode"},"sceneLighting":true,"audioPlay":false,"sceneViewState":{"m_AlwaysRefresh":false,"showFog":true,"showSkybox":true,"showFlares":true,"showImageEffects":true,"showParticleSystems":true,"showVisualEffectGraphs":true,"m_FxEnabled":true},"in2DMode":false,"pivot":{"x":-0.37769579887390139,"y":0.6534150242805481,"z":-0.09301918745040894},"rotation":{"x":-0.0901159718632698,"y":0.7978509664535523,"z":-0.1232857033610344,"w":-0.5831915736198425},"size":1.052733063697815,"orthographic":false}